﻿Natureza;Janeiro;Fevereiro;Marco;Abril;Maio;Junho;Julho;Agosto;Setembro;Outubro;Novembro;Dezembro;Total
HOMICÍDIO DOLOSO (2);40;41;36;33;37;34;37;48;48;0;0;0;354
Nº DE VÍTIMAS EM HOMICÍDIO DOLOSO (3);42;43;37;35;40;35;38;49;49;0;0;0;368
HOMICÍDIO DOLOSO POR ACIDENTE DE TRÂNSITO;1;1;1;1;0;2;1;0;1;0;0;0;8
Nº DE VÍTIMAS EM HOMICÍDIO DOLOSO POR ACIDENTE DE TRÂNSITO;1;1;1;1;0;2;1;0;1;0;0;0;8
HOMICÍDIO CULPOSO POR ACIDENTE DE TRÂNSITO;40;36;56;57;60;62;58;55;56;0;0;0;480
HOMICÍDIO CULPOSO OUTROS;3;2;1;1;1;1;0;0;2;0;0;0;11
TENTATIVA DE HOMICÍDIO;51;39;65;48;56;46;46;50;52;0;0;0;453
LESÃO CORPORAL SEGUIDA DE MORTE;0;1;7;0;5;2;1;0;1;0;0;0;17
LESÃO CORPORAL DOLOSA;2702;2803;3271;3124;3168;2771;2686;2964;3357;0;0;0;26846
LESÃO CORPORAL CULPOSA POR ACIDENTE DE TRÂNSITO;959;980;1228;1337;1301;1329;1244;1303;1313;0;0;0;10994
LESÃO CORPORAL CULPOSA - OUTRAS;50;53;67;60;57;51;47;43;51;0;0;0;479
LATROCÍNIO;7;5;5;1;5;3;5;5;6;0;0;0;42
Nº DE VÍTIMAS EM LATROCÍNIO;7;6;5;1;5;3;5;5;6;0;0;0;43
TOTAL DE ESTUPRO (4);239;220;247;252;242;241;230;265;279;0;0;0;2215
ESTUPRO;53;63;67;57;65;48;56;72;80;0;0;0;561
ESTUPRO DE VULNERÁVEL;186;157;180;195;177;193;174;193;199;0;0;0;1654
TOTAL DE ROUBO - OUTROS (1);10355;10035;10491;9896;9671;9229;9657;8951;8466;0;0;0;86751
ROUBO - OUTROS;10157;9850;10265;9690;9455;9057;9491;8787;8324;0;0;0;85076
ROUBO DE VEÍCULO;940;990;1030;1043;1113;1051;1015;967;940;0;0;0;9089
ROUBO A BANCO;0;1;0;0;0;0;0;0;0;0;0;0;1
ROUBO DE CARGA;198;184;226;206;216;172;166;164;142;0;0;0;1674
FURTO - OUTROS;18723;20201;20180;19344;20226;20438;19995;20215;20292;0;0;0;179614
FURTO DE VEÍCULO;3237;3325;3437;3708;3534;3433;3785;3699;3647;0;0;0;31805
